<?xml version="1.0" encoding="UTF-8"?>
<project-private xmlns="http://www.netbeans.org/ns/project-private/1">
    <editor-bookmarks xmlns="http://www.netbeans.org/ns/editor-bookmarks/2" lastBookmarkId="0"/>
    <open-files xmlns="http://www.netbeans.org/ns/projectui-open-files/2">
        <group>
            <file>file:/C:/Users/Nick%20Johnson/Documents/NetBeansProjects/Project8Graphs/src/project8graphs/LinkedList.java</file>
            <file>file:/C:/Users/Nick%20Johnson/Documents/NetBeansProjects/Project8Graphs/src/project8graphs/Graph.java</file>
            <file>file:/C:/Users/Nick%20Johnson/Documents/NetBeansProjects/Project8Graphs/src/project8graphs/Node.java</file>
            <file>file:/C:/Users/Nick%20Johnson/Documents/NetBeansProjects/Project8Graphs/src/project8graphs/Project8Graphs.java</file>
        </group>
    </open-files>
</project-private>
