<?xml version="1.0" encoding="UTF-8"?>
<project-private xmlns="http://www.netbeans.org/ns/project-private/1">
    <editor-bookmarks xmlns="http://www.netbeans.org/ns/editor-bookmarks/2" lastBookmarkId="0"/>
    <open-files xmlns="http://www.netbeans.org/ns/projectui-open-files/2">
        <group>
            <file>file:/C:/Users/Nick%20Johnson/Documents/NetBeansProjects/Project4AppOfQueues/src/project4appofqueues/Project4AppOfQueues.java</file>
            <file>file:/C:/Users/Nick%20Johnson/Documents/NetBeansProjects/Project4AppOfQueues/src/project4appofqueues/Stack.java</file>
            <file>file:/C:/Users/Nick%20Johnson/Documents/NetBeansProjects/Project4AppOfQueues/src/project4appofqueues/DoublyLinkedList.java</file>
            <file>file:/C:/Users/Nick%20Johnson/Documents/NetBeansProjects/Project4AppOfQueues/src/project4appofqueues/Queue.java</file>
            <file>file:/C:/Users/Nick%20Johnson/Documents/NetBeansProjects/Project4AppOfQueues/src/project4appofqueues/Node.java</file>
            <file>file:/C:/Users/Nick%20Johnson/Documents/NetBeansProjects/Project4AppOfQueues/src/project4appofqueues/FileIO.java</file>
        </group>
    </open-files>
</project-private>
