<?xml version="1.0" encoding="UTF-8"?>
<project-private xmlns="http://www.netbeans.org/ns/project-private/1">
    <editor-bookmarks xmlns="http://www.netbeans.org/ns/editor-bookmarks/2" lastBookmarkId="0"/>
    <open-files xmlns="http://www.netbeans.org/ns/projectui-open-files/2">
        <group>
            <file>file:/C:/Users/Nick%20Johnson/Documents/NetBeansProjects/Project1%20Object%20Creation/src/project1/object/creation/BigDecimal.java</file>
            <file>file:/C:/Users/Nick%20Johnson/Documents/NetBeansProjects/Project1%20Object%20Creation/src/project1/object/creation/CharException.java</file>
            <file>file:/C:/Users/Nick%20Johnson/Documents/NetBeansProjects/Project1%20Object%20Creation/src/project1/object/creation/Project1ObjectCreation.java</file>
            <file>file:/C:/Users/Nick%20Johnson/Documents/NetBeansProjects/Project1%20Object%20Creation/src/project1/object/creation/BigDecimalException.java</file>
            <file>file:/C:/Users/Nick%20Johnson/Documents/NetBeansProjects/Project1%20Object%20Creation/src/project1/object/creation/Char.java</file>
        </group>
    </open-files>
</project-private>
