<?xml version="1.0" encoding="UTF-8"?>
<project-private xmlns="http://www.netbeans.org/ns/project-private/1">
    <editor-bookmarks xmlns="http://www.netbeans.org/ns/editor-bookmarks/2" lastBookmarkId="0"/>
    <open-files xmlns="http://www.netbeans.org/ns/projectui-open-files/2">
        <group>
            <file>file:/C:/Users/Nick%20Johnson/Documents/NetBeansProjects/Project6HashTables/src/project6hashtables/LinkedList.java</file>
            <file>file:/C:/Users/Nick%20Johnson/Documents/NetBeansProjects/Project6HashTables/src/project6hashtables/HashTable.java</file>
            <file>file:/C:/Users/Nick%20Johnson/Documents/NetBeansProjects/Project6HashTables/src/project6hashtables/Node.java</file>
            <file>file:/C:/Users/Nick%20Johnson/Documents/NetBeansProjects/Project6HashTables/src/project6hashtables/HashFileReader.java</file>
            <file>file:/C:/Users/Nick%20Johnson/Documents/NetBeansProjects/Project6HashTables/src/project6hashtables/Project6HashTables.java</file>
        </group>
    </open-files>
</project-private>
