<?xml version="1.0" encoding="UTF-8"?>
<project-private xmlns="http://www.netbeans.org/ns/project-private/1">
    <editor-bookmarks xmlns="http://www.netbeans.org/ns/editor-bookmarks/2" lastBookmarkId="0"/>
    <open-files xmlns="http://www.netbeans.org/ns/projectui-open-files/2">
        <group>
            <file>file:/C:/Users/Nick%20Johnson/Documents/NetBeansProjects/Project3DoublyLinkedLists/src/project3doublylinkedlists/Node.java</file>
            <file>file:/C:/Users/Nick%20Johnson/Documents/NetBeansProjects/Project3DoublyLinkedLists/src/project3doublylinkedlists/RPNCalculator.java</file>
            <file>file:/C:/Users/Nick%20Johnson/Documents/NetBeansProjects/Project3DoublyLinkedLists/src/project3doublylinkedlists/DoublyLinkedList.java</file>
            <file>file:/C:/Users/Nick%20Johnson/Documents/NetBeansProjects/Project3DoublyLinkedLists/src/project3doublylinkedlists/InfixNotationCalculator.java</file>
            <file>file:/C:/Users/Nick%20Johnson/Documents/NetBeansProjects/Project3DoublyLinkedLists/src/project3doublylinkedlists/Project3DoublyLinkedLists.java</file>
            <file>file:/C:/Users/Nick%20Johnson/Documents/NetBeansProjects/Project3DoublyLinkedLists/src/project3doublylinkedlists/Stack.java</file>
            <file>file:/C:/Users/Nick%20Johnson/Documents/NetBeansProjects/Project3DoublyLinkedLists/src/project3doublylinkedlists/Queue.java</file>
        </group>
    </open-files>
</project-private>
