<?xml version="1.0" encoding="UTF-8"?>
<project-private xmlns="http://www.netbeans.org/ns/project-private/1">
    <editor-bookmarks xmlns="http://www.netbeans.org/ns/editor-bookmarks/2" lastBookmarkId="0"/>
    <open-files xmlns="http://www.netbeans.org/ns/projectui-open-files/2">
        <group>
            <file>file:/C:/Users/Nick%20Johnson/Documents/NetBeansProjects/Project7Sorting/src/project7sorting/Project7Sorting.java</file>
            <file>file:/C:/Users/Nick%20Johnson/Documents/NetBeansProjects/Project7Sorting/src/project7sorting/Timer.java</file>
            <file>file:/C:/Users/Nick%20Johnson/Documents/NetBeansProjects/Project7Sorting/src/project7sorting/InsertionSort.java</file>
            <file>file:/C:/Users/Nick%20Johnson/Documents/NetBeansProjects/Project7Sorting/src/project7sorting/QuickSort.java</file>
            <file>file:/C:/Users/Nick%20Johnson/Documents/NetBeansProjects/Project7Sorting/src/project7sorting/SelectionSort.java</file>
            <file>file:/C:/Users/Nick%20Johnson/Documents/NetBeansProjects/Project7Sorting/src/project7sorting/ShellSort.java</file>
        </group>
    </open-files>
</project-private>
