<?xml version="1.0" encoding="UTF-8"?>
<project-private xmlns="http://www.netbeans.org/ns/project-private/1">
    <editor-bookmarks xmlns="http://www.netbeans.org/ns/editor-bookmarks/2" lastBookmarkId="0"/>
    <open-files xmlns="http://www.netbeans.org/ns/projectui-open-files/2">
        <group>
            <file>file:/C:/Users/Nick%20Johnson/Documents/NetBeansProjects/Project5Trees/src/project5trees/Node.java</file>
            <file>file:/C:/Users/Nick%20Johnson/Documents/NetBeansProjects/Project5Trees/src/project5trees/AVLnode.java</file>
            <file>file:/C:/Users/Nick%20Johnson/Documents/NetBeansProjects/Project5Trees/src/project5trees/AVLtree.java</file>
            <file>file:/C:/Users/Nick%20Johnson/Documents/NetBeansProjects/Project5Trees/src/project5trees/BinaryTree.java</file>
            <file>file:/C:/Users/Nick%20Johnson/Documents/NetBeansProjects/Project5Trees/src/project5trees/Project5Trees.java</file>
            <file>file:/C:/Users/Nick%20Johnson/Documents/NetBeansProjects/Project5Trees/src/project5trees/WordCount.java</file>
        </group>
    </open-files>
</project-private>
