<?xml version="1.0" encoding="UTF-8"?>
<project-private xmlns="http://www.netbeans.org/ns/project-private/1">
    <editor-bookmarks xmlns="http://www.netbeans.org/ns/editor-bookmarks/2" lastBookmarkId="0"/>
    <open-files xmlns="http://www.netbeans.org/ns/projectui-open-files/2">
        <group>
            <file>file:/C:/Users/Nick%20Johnson/Documents/NetBeansProjects/Project2GenericsTemplates/src/project2genericstemplates/Project2GenericsTemplates.java</file>
            <file>file:/C:/Users/Nick%20Johnson/Documents/NetBeansProjects/Project2GenericsTemplates/src/project2genericstemplates/LinkedList.java</file>
            <file>file:/C:/Users/Nick%20Johnson/Documents/NetBeansProjects/Project2GenericsTemplates/src/project2genericstemplates/PairList.java</file>
            <file>file:/C:/Users/Nick%20Johnson/Documents/NetBeansProjects/Project2GenericsTemplates/src/project2genericstemplates/Node.java</file>
            <file>file:/C:/Users/Nick%20Johnson/Documents/NetBeansProjects/Project2GenericsTemplates/src/project2genericstemplates/Pair.java</file>
        </group>
    </open-files>
</project-private>
